{
  "title": "Council Ops",
  "panels": [
    {
      "type": "graph",
      "title": "Vote latency ms",
      "targets": [
        {
          "expr": "histogram_quantile(0.95, sum(rate(swarm_vote_latency_seconds_bucket[5m])) by (le))"
        }
      ]
    },
    {
      "type": "graph",
      "title": "Cloud retry ratio",
      "targets": [
        {
          "expr": "sum(rate(swarm_cloud_retry_total[5m])) / sum(rate(swarm_requests_total[5m]))"
        }
      ]
    },
    {
      "type": "graph",
      "title": "Memory query ms",
      "targets": [
        {
          "expr": "histogram_quantile(0.95, sum(rate(swarm_memory_query_latency_seconds_bucket[5m])) by (le))"
        }
      ]
    },
    {
      "type": "graph",
      "title": "Sandbox fails",
      "targets": [
        {
          "expr": "sum(rate(swarm_exec_fail_total[5m])) by (reason)"
        }
      ]
    }
  ]
}